"Attrition","Age","BusinessTravel","DailyRate","Department","DistanceFromHome","Education","EducationField","EmployeeCount","EmployeeNumber","EnvironmentSatisfaction","Gender","HourlyRate","JobInvolvement","JobLevel","JobRole","JobSatisfaction","MaritalStatus","MonthlyIncome","MonthlyRate","NumCompaniesWorked","Over18","OverTime","PercentSalaryHike","PerformanceRating","RelationshipSatisfaction","StandardHours","StockOptionLevel","TotalWorkingYears","TrainingTimesLastYear","WorkLifeBalance","YearsAtCompany","YearsInCurrentRole","YearsSinceLastPromotion","YearsWithCurrManager","predict","Yes"
"No",33,"Travel_Frequently",1392,"Research & Development",3,4,"Life Sciences",1,5,4,"Female",56,3,1,"Research Scientist",3,"Married",2909,23159,1,"Y","Yes",11,3,3,80,0,8,3,3,8,7,3,0,"No",0.153300209872455
"No",36,"Travel_Rarely",1299,"Research & Development",27,3,"Medical",1,13,3,"Male",94,3,2,"Healthcare Representative",3,"Married",5237,16577,6,"Y","No",13,3,2,80,2,17,3,2,7,7,7,7,"No",0.0998515536885967
"Yes",28,"Travel_Rarely",103,"Research & Development",24,3,"Life Sciences",1,19,3,"Male",50,2,1,"Laboratory Technician",3,"Single",2028,12947,5,"Y","Yes",14,3,2,80,0,6,4,3,4,2,0,3,"Yes",0.865247899604644
"No",53,"Travel_Rarely",1219,"Sales",2,4,"Life Sciences",1,23,1,"Female",78,2,4,"Manager",4,"Married",15427,22021,2,"Y","No",16,3,3,80,0,31,3,3,25,8,3,7,"No",0.0823099085460941
"No",38,"Travel_Rarely",371,"Research & Development",2,3,"Life Sciences",1,24,4,"Male",45,3,1,"Research Scientist",4,"Single",3944,4306,5,"Y","Yes",11,3,3,80,0,6,3,3,3,2,1,2,"No",0.10034186248587
"No",24,"Non-Travel",673,"Research & Development",11,2,"Other",1,26,1,"Female",96,4,2,"Manufacturing Director",3,"Divorced",4011,8232,0,"Y","No",18,3,4,80,1,5,5,2,4,2,1,3,"No",0.11508090325078
"Yes",32,"Travel_Frequently",1125,"Research & Development",16,1,"Life Sciences",1,33,2,"Female",72,1,1,"Research Scientist",1,"Single",3919,4681,1,"Y","Yes",22,4,2,80,0,10,5,3,10,2,6,7,"No",0.183543207335823
"No",46,"Travel_Rarely",705,"Sales",2,4,"Marketing",1,38,2,"Female",83,3,5,"Manager",1,"Single",18947,22822,3,"Y","No",12,3,4,80,0,22,2,2,2,2,2,1,"No",0.0818410921314762
"No",30,"Travel_Rarely",125,"Research & Development",9,2,"Medical",1,41,4,"Male",83,2,1,"Laboratory Technician",3,"Single",2206,16117,1,"Y","No",13,3,1,80,0,10,5,3,10,0,1,8,"No",0.117691746523751
"Yes",24,"Travel_Rarely",813,"Research & Development",1,3,"Medical",1,45,2,"Male",61,3,1,"Research Scientist",4,"Married",2293,3020,2,"Y","Yes",16,3,1,80,1,6,2,2,2,0,2,0,"Yes",0.43345843320936
"No",36,"Travel_Rarely",852,"Research & Development",5,4,"Life Sciences",1,51,2,"Female",82,2,1,"Research Scientist",1,"Married",3419,13072,9,"Y","Yes",14,3,4,80,1,6,3,4,1,1,0,0,"Yes",0.276653615671206
"No",35,"Travel_Rarely",464,"Research & Development",4,2,"Other",1,53,3,"Male",75,3,1,"Laboratory Technician",4,"Divorced",1951,10910,1,"Y","No",12,3,3,80,1,1,3,3,1,0,0,0,"No",0.21229479746209
"Yes",28,"Travel_Rarely",1434,"Research & Development",5,4,"Technical Degree",1,65,3,"Male",50,3,1,"Laboratory Technician",3,"Single",3441,11179,1,"Y","Yes",13,3,3,80,0,2,3,2,2,2,2,2,"Yes",0.403730951963231
"No",35,"Travel_Frequently",853,"Sales",18,5,"Life Sciences",1,74,2,"Male",71,3,3,"Sales Executive",1,"Married",9069,11031,1,"Y","No",22,4,4,80,1,9,3,2,9,8,1,8,"No",0.107660042252603
"No",32,"Travel_Rarely",427,"Research & Development",1,3,"Medical",1,78,1,"Male",33,3,2,"Manufacturing Director",4,"Married",6162,10877,1,"Y","Yes",22,4,2,80,1,9,3,3,9,8,7,8,"No",0.09204080900728
"No",36,"Travel_Rarely",1223,"Research & Development",8,3,"Technical Degree",1,83,3,"Female",59,3,3,"Healthcare Representative",3,"Divorced",10096,8202,1,"Y","No",13,3,2,80,3,17,2,3,17,14,12,8,"No",0.0581890813312473
"No",36,"Travel_Frequently",1195,"Research & Development",11,3,"Life Sciences",1,85,2,"Male",95,2,2,"Manufacturing Director",2,"Single",6499,22656,1,"Y","No",13,3,3,80,0,6,3,3,6,5,0,3,"No",0.0728924734964381
"No",38,"Non-Travel",573,"Research & Development",6,3,"Medical",1,107,2,"Female",79,1,2,"Research Scientist",4,"Divorced",5329,15717,7,"Y","Yes",12,3,4,80,3,17,3,3,13,11,1,9,"No",0.0858615990891963
"No",30,"Travel_Rarely",288,"Research & Development",2,3,"Life Sciences",1,117,3,"Male",99,2,2,"Healthcare Representative",4,"Married",4152,15830,1,"Y","No",19,3,1,80,3,11,3,3,11,10,10,8,"No",0.0704573878257072
"No",40,"Travel_Frequently",530,"Research & Development",1,4,"Life Sciences",1,119,3,"Male",78,2,4,"Healthcare Representative",2,"Married",13503,14115,1,"Y","No",22,4,4,80,1,22,3,2,22,3,11,11,"No",0.082702140114396
"No",58,"Travel_Rarely",682,"Sales",10,4,"Medical",1,131,4,"Male",37,3,4,"Sales Executive",3,"Single",13872,24409,0,"Y","No",13,3,3,80,0,38,1,2,37,10,1,8,"No",0.10460804737708
"No",51,"Travel_Frequently",1456,"Research & Development",1,4,"Medical",1,145,1,"Female",30,2,3,"Healthcare Representative",1,"Single",7484,25796,3,"Y","No",20,4,3,80,0,23,1,2,13,12,12,8,"No",0.0755122691525562
"No",43,"Travel_Frequently",394,"Sales",26,2,"Life Sciences",1,158,3,"Male",92,3,4,"Manager",4,"Married",16959,19494,1,"Y","Yes",12,3,4,80,2,25,3,4,25,12,4,12,"No",0.159410181011579
"No",50,"Travel_Frequently",809,"Sales",12,3,"Marketing",1,174,3,"Female",77,3,3,"Sales Executive",4,"Single",9208,6645,4,"Y","No",11,3,4,80,0,16,3,3,2,2,2,1,"No",0.0872109725022105
"No",40,"Travel_Frequently",1395,"Research & Development",26,3,"Medical",1,202,2,"Female",54,3,2,"Research Scientist",2,"Divorced",5605,8504,1,"Y","No",11,3,1,80,1,20,2,3,20,7,2,13,"No",0.0610894842849147
"No",53,"Travel_Rarely",1436,"Sales",6,2,"Marketing",1,205,2,"Male",34,3,2,"Sales Representative",3,"Married",2306,16047,2,"Y","Yes",20,4,4,80,1,13,3,1,7,7,4,5,"Yes",0.498752338028946
"No",41,"Travel_Rarely",465,"Research & Development",14,3,"Life Sciences",1,227,1,"Male",56,3,1,"Research Scientist",3,"Divorced",2451,4609,4,"Y","No",12,3,1,80,1,13,2,3,9,8,1,8,"No",0.0627734351514142
"No",30,"Travel_Rarely",1339,"Sales",5,3,"Life Sciences",1,228,2,"Female",41,3,3,"Sales Executive",4,"Married",9419,8053,2,"Y","No",12,3,3,80,1,12,2,3,10,9,7,4,"No",0.114923829997945
"No",38,"Travel_Rarely",702,"Sales",1,4,"Life Sciences",1,230,1,"Female",59,2,2,"Sales Executive",4,"Single",8686,12930,4,"Y","No",22,4,3,80,0,12,2,4,8,3,0,7,"No",0.0703782051478182
"Yes",19,"Travel_Frequently",602,"Sales",1,1,"Technical Degree",1,235,3,"Female",100,1,1,"Sales Representative",1,"Single",2325,20989,0,"Y","No",21,4,1,80,0,1,5,4,0,0,0,0,"Yes",0.443035041529071
"No",45,"Travel_Rarely",1268,"Sales",4,2,"Life Sciences",1,240,3,"Female",30,3,2,"Sales Executive",1,"Divorced",5006,6319,4,"Y","Yes",11,3,1,80,1,9,3,4,5,4,0,3,"No",0.155182239666302
"No",52,"Travel_Rarely",699,"Research & Development",1,4,"Life Sciences",1,259,3,"Male",65,2,5,"Manager",3,"Married",19999,5678,0,"Y","No",14,3,1,80,1,34,5,3,33,18,11,9,"No",0.0891501190735579
"Yes",35,"Travel_Rarely",556,"Research & Development",23,2,"Life Sciences",1,261,2,"Male",50,2,2,"Manufacturing Director",3,"Married",5916,15497,3,"Y","Yes",13,3,1,80,0,8,1,3,1,0,0,1,"No",0.242962943988608
"No",22,"Travel_Rarely",1136,"Research & Development",5,3,"Life Sciences",1,284,4,"Male",60,4,1,"Research Scientist",2,"Divorced",2328,12392,1,"Y","Yes",16,3,1,80,1,4,2,2,4,2,2,2,"Yes",0.356184653604668
"No",36,"Travel_Frequently",635,"Research & Development",18,1,"Medical",1,286,2,"Female",73,3,1,"Laboratory Technician",4,"Single",2153,7703,1,"Y","No",13,3,1,80,0,8,2,3,8,1,1,7,"No",0.106974782881363
"No",30,"Non-Travel",829,"Research & Development",1,1,"Life Sciences",1,292,3,"Male",88,2,3,"Manufacturing Director",3,"Single",8474,20925,1,"Y","No",22,4,3,80,0,12,2,3,11,8,5,8,"No",0.0599759511370232
"No",54,"Travel_Rarely",1147,"Sales",3,3,"Marketing",1,303,4,"Female",52,3,2,"Sales Executive",1,"Married",5940,17011,2,"Y","No",14,3,4,80,1,16,4,3,6,2,0,5,"No",0.0788997001049455
"No",31,"Non-Travel",979,"Research & Development",1,4,"Medical",1,308,3,"Male",90,1,2,"Manufacturing Director",3,"Married",4345,4381,0,"Y","No",12,3,4,80,1,6,2,3,5,4,1,4,"No",0.056747575992162
"No",37,"Travel_Frequently",319,"Sales",4,4,"Marketing",1,311,1,"Male",41,3,1,"Sales Representative",4,"Divorced",2793,2539,4,"Y","No",17,3,3,80,1,13,2,3,9,8,5,8,"No",0.118346478381672
"Yes",33,"Travel_Rarely",813,"Research & Development",14,3,"Medical",1,325,3,"Male",58,3,1,"Laboratory Technician",4,"Married",2436,22149,5,"Y","Yes",13,3,3,80,1,8,2,1,5,4,0,4,"Yes",0.43754161094044
"No",32,"Travel_Rarely",1401,"Sales",4,2,"Life Sciences",1,330,3,"Female",56,3,1,"Sales Representative",2,"Married",3931,20990,2,"Y","No",11,3,1,80,1,6,5,3,4,3,1,2,"No",0.139135425570043
"No",34,"Travel_Rarely",470,"Research & Development",2,4,"Life Sciences",1,339,4,"Male",84,2,2,"Manufacturing Director",1,"Married",5957,23687,6,"Y","No",13,3,2,80,1,13,3,3,11,9,5,9,"No",0.0566501327345006
"No",29,"Travel_Rarely",665,"Research & Development",15,3,"Life Sciences",1,346,3,"Male",60,3,1,"Research Scientist",4,"Single",2340,22673,1,"Y","No",19,3,1,80,0,6,1,3,6,5,1,5,"No",0.097980647227559
"No",29,"Travel_Rarely",1247,"Sales",20,2,"Marketing",1,349,4,"Male",45,3,2,"Sales Executive",4,"Divorced",6931,10732,2,"Y","No",14,3,4,80,1,10,2,3,3,2,0,2,"No",0.149186089164887
"Yes",31,"Travel_Frequently",307,"Research & Development",29,2,"Medical",1,355,3,"Male",71,2,1,"Laboratory Technician",2,"Single",3479,11652,0,"Y","No",11,3,2,80,0,6,2,4,5,4,1,4,"No",0.147880501378637
"Yes",28,"Travel_Rarely",529,"Research & Development",2,4,"Life Sciences",1,364,1,"Male",79,3,1,"Laboratory Technician",3,"Single",3485,14935,2,"Y","No",11,3,3,80,0,5,5,1,0,0,0,0,"No",0.204961975755247
"No",53,"Travel_Rarely",1070,"Research & Development",3,4,"Medical",1,386,3,"Male",45,3,4,"Research Director",3,"Married",17584,21016,3,"Y","Yes",16,3,4,80,3,21,5,2,5,3,1,3,"No",0.0618153627205345
"No",26,"Travel_Frequently",496,"Research & Development",11,2,"Medical",1,390,1,"Male",60,3,2,"Healthcare Representative",1,"Married",4741,22722,1,"Y","Yes",13,3,3,80,1,5,3,3,5,3,3,3,"No",0.167485665229469
"No",35,"Travel_Rarely",1232,"Sales",16,3,"Marketing",1,406,3,"Male",96,3,3,"Sales Executive",2,"Married",8020,5100,0,"Y","No",15,3,3,80,2,12,3,2,11,9,6,9,"No",0.0862420770236169
"No",36,"Travel_Frequently",566,"Research & Development",18,4,"Life Sciences",1,407,3,"Male",81,4,1,"Laboratory Technician",4,"Married",3688,7122,4,"Y","No",18,3,4,80,2,4,2,3,1,0,0,0,"Yes",0.257277331726704
"No",31,"Travel_Rarely",106,"Human Resources",2,3,"Human Resources",1,424,1,"Male",62,2,2,"Human Resources",1,"Married",6410,17822,3,"Y","No",12,3,4,80,0,9,1,3,2,2,1,0,"No",0.12351422671315
"Yes",28,"Travel_Rarely",1157,"Research & Development",2,4,"Medical",1,440,1,"Male",84,1,1,"Research Scientist",4,"Married",3464,24737,5,"Y","Yes",13,3,4,80,0,5,4,2,3,2,2,2,"No",0.152463428104999
"No",54,"Travel_Frequently",928,"Research & Development",20,4,"Life Sciences",1,450,4,"Female",31,3,2,"Research Scientist",3,"Single",4869,16885,3,"Y","No",12,3,4,80,0,20,4,2,4,3,0,3,"No",0.0688048754525581
"No",27,"Travel_Rarely",1130,"Sales",8,4,"Marketing",1,458,2,"Female",56,3,2,"Sales Executive",2,"Married",6214,3415,1,"Y","No",18,3,1,80,1,8,3,3,8,7,0,7,"No",0.0790704255825029
"No",23,"Travel_Rarely",1309,"Research & Development",26,1,"Life Sciences",1,465,3,"Male",83,3,1,"Research Scientist",4,"Divorced",2904,16092,1,"Y","No",12,3,3,80,2,4,2,2,4,2,0,2,"No",0.0937311914552983
"No",48,"Travel_Rarely",530,"Sales",29,1,"Medical",1,473,1,"Female",91,3,3,"Manager",3,"Married",12504,23978,3,"Y","No",21,4,2,80,1,15,3,1,0,0,0,0,"No",0.0963514722478015
"No",42,"Travel_Rarely",1332,"Research & Development",2,4,"Other",1,477,1,"Male",98,2,2,"Healthcare Representative",4,"Single",6781,17078,3,"Y","No",23,4,2,80,0,14,6,3,1,0,0,0,"No",0.0763186955314581
"No",29,"Travel_Rarely",1283,"Research & Development",23,3,"Life Sciences",1,495,4,"Male",54,3,1,"Research Scientist",4,"Single",2201,18168,9,"Y","No",16,3,4,80,0,6,4,3,3,2,1,2,"No",0.119875649476744
"No",39,"Travel_Frequently",1218,"Research & Development",1,1,"Life Sciences",1,531,2,"Male",52,3,5,"Manager",3,"Divorced",19197,8213,1,"Y","Yes",14,3,3,80,1,21,3,3,21,8,1,6,"No",0.054857528611832
"No",28,"Travel_Rarely",1300,"Research & Development",17,2,"Medical",1,536,3,"Male",79,3,2,"Laboratory Technician",1,"Divorced",4558,13535,1,"Y","No",12,3,4,80,1,10,2,3,10,0,1,8,"No",0.129990251784716
"No",45,"Travel_Rarely",192,"Research & Development",10,2,"Life Sciences",1,544,1,"Male",69,3,1,"Research Scientist",4,"Married",2654,9655,3,"Y","No",21,4,4,80,2,8,3,2,2,2,0,2,"No",0.0738384348714927
"No",40,"Travel_Rarely",1398,"Sales",2,4,"Life Sciences",1,558,3,"Female",79,3,5,"Manager",3,"Married",18041,13022,0,"Y","No",14,3,4,80,0,21,2,3,20,15,1,12,"No",0.050837017231579
"Yes",19,"Travel_Rarely",489,"Human Resources",2,2,"Technical Degree",1,566,1,"Male",52,2,1,"Human Resources",4,"Single",2564,18437,1,"Y","No",12,3,3,80,0,1,3,4,1,0,0,0,"Yes",0.48976234886313
"No",46,"Travel_Rarely",1009,"Research & Development",2,3,"Life Sciences",1,575,1,"Male",51,3,4,"Research Director",3,"Married",17861,2288,6,"Y","No",13,3,3,80,0,26,2,1,3,2,0,1,"No",0.0541515871259943
"No",35,"Travel_Rarely",1276,"Research & Development",16,3,"Life Sciences",1,586,4,"Male",72,3,3,"Healthcare Representative",3,"Married",7632,14295,4,"Y","Yes",12,3,3,80,0,10,2,3,8,7,0,0,"No",0.0967697606538721
"Yes",22,"Travel_Frequently",1368,"Research & Development",4,1,"Technical Degree",1,593,3,"Male",99,2,1,"Laboratory Technician",3,"Single",3894,9129,5,"Y","No",16,3,3,80,0,4,3,3,2,2,1,2,"Yes",0.453624480812235
"No",37,"Travel_Rarely",446,"Research & Development",1,4,"Life Sciences",1,635,2,"Female",65,3,2,"Manufacturing Director",2,"Married",6447,15701,6,"Y","No",12,3,2,80,1,8,2,2,6,5,4,3,"No",0.0526228247690638
"No",50,"Travel_Frequently",1246,"Human Resources",3,3,"Medical",1,644,1,"Male",99,3,5,"Manager",2,"Married",18200,7999,1,"Y","No",11,3,3,80,1,32,2,3,32,5,10,7,"No",0.0788879260857384
"Yes",31,"Travel_Rarely",1365,"Sales",13,4,"Medical",1,650,2,"Male",46,3,2,"Sales Executive",1,"Divorced",4233,11512,2,"Y","No",17,3,3,80,0,9,2,1,3,1,1,2,"No",0.118027736547558
"No",27,"Travel_Rarely",798,"Research & Development",6,4,"Medical",1,655,1,"Female",66,2,1,"Research Scientist",3,"Divorced",2187,5013,0,"Y","No",12,3,3,80,2,6,5,2,5,3,0,3,"No",0.0724697761681787
"No",37,"Travel_Rarely",558,"Sales",2,3,"Marketing",1,656,4,"Male",75,3,2,"Sales Executive",3,"Married",9602,3010,4,"Y","Yes",11,3,3,80,1,17,3,2,3,0,1,0,"No",0.222990915365578
"No",42,"Travel_Rarely",622,"Research & Development",2,4,"Life Sciences",1,659,3,"Female",81,3,2,"Healthcare Representative",4,"Married",4089,5718,1,"Y","No",13,3,2,80,2,10,4,3,10,2,2,2,"No",0.055161057648987
"No",43,"Travel_Rarely",782,"Research & Development",6,4,"Other",1,661,2,"Male",50,2,4,"Research Director",4,"Divorced",16627,2671,4,"Y","Yes",14,3,3,80,1,21,3,2,1,0,0,0,"No",0.0777134039137284
"No",21,"Travel_Rarely",1343,"Sales",22,1,"Technical Degree",1,669,3,"Male",49,3,1,"Sales Representative",3,"Single",3447,24444,1,"Y","No",11,3,3,80,0,3,2,3,3,2,1,2,"Yes",0.295786887118268
"No",36,"Travel_Rarely",913,"Research & Development",9,2,"Medical",1,699,2,"Male",48,2,2,"Manufacturing Director",2,"Divorced",8847,13934,2,"Y","Yes",11,3,3,80,1,13,2,3,3,2,0,2,"No",0.0845953195544797
"Yes",33,"Travel_Frequently",1076,"Research & Development",3,3,"Life Sciences",1,702,1,"Male",70,3,1,"Research Scientist",1,"Single",3348,3164,1,"Y","Yes",11,3,1,80,0,10,3,3,10,8,9,7,"No",0.111286789026089
"No",25,"Travel_Rarely",810,"Sales",8,3,"Life Sciences",1,707,4,"Male",57,4,2,"Sales Executive",2,"Married",4851,15678,0,"Y","No",22,4,3,80,1,4,4,3,3,2,1,2,"No",0.0878519565331171
"No",38,"Travel_Rarely",243,"Sales",7,4,"Marketing",1,709,4,"Female",46,2,2,"Sales Executive",4,"Single",4028,7791,0,"Y","No",20,4,1,80,0,8,2,3,7,7,0,5,"No",0.0705368370944861
"No",37,"Travel_Rarely",1225,"Research & Development",10,2,"Life Sciences",1,715,4,"Male",80,4,1,"Research Scientist",4,"Single",4680,15232,3,"Y","No",17,3,1,80,0,4,2,3,1,0,0,0,"No",0.0996846558621762
"No",34,"Travel_Rarely",1442,"Research & Development",9,3,"Medical",1,717,4,"Female",46,2,3,"Healthcare Representative",2,"Single",8621,17654,1,"Y","No",14,3,2,80,0,9,3,4,8,7,7,7,"No",0.0552462895376579
"No",32,"Travel_Rarely",929,"Sales",10,3,"Marketing",1,722,4,"Male",55,3,2,"Sales Executive",4,"Single",5396,21703,1,"Y","No",12,3,4,80,0,10,2,2,10,7,0,8,"No",0.106219351187447
"Yes",50,"Travel_Frequently",562,"Sales",8,2,"Technical Degree",1,723,2,"Male",50,3,2,"Sales Executive",3,"Married",6796,23452,3,"Y","Yes",14,3,1,80,1,18,4,3,4,3,1,3,"Yes",0.298521782396173
"No",27,"Travel_Rarely",608,"Research & Development",1,2,"Life Sciences",1,725,3,"Female",68,3,3,"Manufacturing Director",1,"Married",7412,6009,1,"Y","No",11,3,4,80,0,9,3,3,9,7,0,7,"No",0.0575693762047058
"No",40,"Travel_Frequently",580,"Sales",5,4,"Life Sciences",1,729,4,"Male",48,2,3,"Sales Executive",1,"Married",10475,23772,5,"Y","Yes",21,4,3,80,1,20,2,3,18,13,1,12,"Yes",0.351461862953871
"No",36,"Non-Travel",427,"Research & Development",8,3,"Life Sciences",1,742,1,"Female",63,4,3,"Research Director",1,"Married",11713,20335,9,"Y","No",14,3,1,80,1,10,2,3,8,7,0,5,"No",0.0525099406048677
"No",34,"Travel_Rarely",970,"Research & Development",8,2,"Medical",1,757,2,"Female",96,3,2,"Healthcare Representative",3,"Single",6142,7360,3,"Y","No",11,3,4,80,0,10,2,3,5,1,4,3,"No",0.0546748333718181
"No",23,"Travel_Rarely",650,"Research & Development",9,1,"Medical",1,758,2,"Male",37,3,1,"Laboratory Technician",1,"Married",2500,4344,1,"Y","No",14,3,4,80,1,5,2,4,4,3,0,2,"No",0.204266923942727
"No",38,"Travel_Rarely",268,"Research & Development",2,5,"Medical",1,773,4,"Male",92,3,1,"Research Scientist",3,"Married",3057,20471,6,"Y","Yes",13,3,2,80,1,6,0,1,1,0,0,1,"No",0.167334153643633
"No",34,"Travel_Rarely",167,"Research & Development",8,5,"Life Sciences",1,775,2,"Female",32,3,2,"Manufacturing Director",1,"Divorced",5121,4187,3,"Y","No",14,3,3,80,1,7,3,3,0,0,0,0,"No",0.0831677273375076
"Yes",33,"Travel_Rarely",527,"Research & Development",1,4,"Other",1,780,4,"Male",63,3,1,"Research Scientist",4,"Single",2686,5207,1,"Y","Yes",13,3,3,80,0,10,2,2,10,9,7,8,"No",0.157468564611177
"No",34,"Travel_Rarely",304,"Sales",2,3,"Other",1,786,4,"Male",60,3,2,"Sales Executive",4,"Single",6274,18686,1,"Y","No",22,4,3,80,0,6,5,3,6,5,1,4,"No",0.0705591269798938
"No",27,"Travel_Frequently",829,"Sales",8,1,"Marketing",1,800,3,"Male",84,3,2,"Sales Executive",4,"Married",4342,24008,0,"Y","No",19,3,2,80,1,5,3,3,4,2,1,1,"No",0.129581516810595
"No",34,"Travel_Rarely",121,"Research & Development",2,4,"Medical",1,804,3,"Female",86,2,1,"Research Scientist",1,"Single",4381,7530,1,"Y","No",11,3,3,80,0,6,3,3,6,5,1,3,"No",0.0587783351480654
"No",30,"Travel_Rarely",921,"Research & Development",1,3,"Life Sciences",1,806,4,"Male",38,1,1,"Laboratory Technician",3,"Married",3833,24375,3,"Y","No",21,4,3,80,2,7,2,3,2,2,0,2,"No",0.141394554168677
"Yes",33,"Travel_Rarely",118,"Sales",16,3,"Marketing",1,819,1,"Female",69,3,2,"Sales Executive",1,"Single",5324,26507,5,"Y","No",15,3,3,80,0,6,3,3,3,2,0,2,"No",0.152429905490685
"No",29,"Travel_Rarely",1252,"Research & Development",23,2,"Life Sciences",1,824,3,"Male",81,4,1,"Research Scientist",3,"Married",2700,23779,1,"Y","No",24,4,3,80,1,10,3,3,10,7,0,7,"No",0.0839116174621201
"No",35,"Travel_Rarely",1258,"Research & Development",1,4,"Life Sciences",1,826,4,"Female",40,4,1,"Research Scientist",3,"Single",2506,13301,3,"Y","No",13,3,3,80,0,7,0,3,2,2,2,2,"No",0.075836741596883
"No",40,"Travel_Frequently",720,"Research & Development",16,4,"Medical",1,832,1,"Male",51,2,2,"Laboratory Technician",3,"Single",5094,11983,6,"Y","No",14,3,4,80,0,10,6,3,1,0,0,0,"No",0.168976831609437
"No",38,"Travel_Frequently",471,"Research & Development",12,3,"Life Sciences",1,837,1,"Male",45,2,2,"Healthcare Representative",1,"Divorced",6288,4284,2,"Y","No",15,3,3,80,1,13,3,2,4,3,1,2,"No",0.059478497105124
"Yes",49,"Travel_Rarely",1184,"Sales",11,3,"Marketing",1,840,3,"Female",43,3,3,"Sales Executive",4,"Married",7654,5860,1,"Y","No",18,3,1,80,2,9,3,4,9,8,7,7,"No",0.0972760513858147
"No",28,"Travel_Rarely",760,"Sales",2,4,"Marketing",1,846,2,"Female",81,3,2,"Sales Executive",2,"Married",4779,3698,1,"Y","Yes",20,4,1,80,0,8,2,3,8,7,7,5,"Yes",0.263387254925676
"No",51,"Travel_Rarely",1318,"Sales",26,4,"Marketing",1,851,1,"Female",66,3,4,"Manager",3,"Married",16307,5594,2,"Y","No",14,3,3,80,1,29,2,2,20,6,4,17,"No",0.0520588444793875
"No",53,"Travel_Rarely",661,"Sales",7,2,"Marketing",1,862,1,"Female",78,2,3,"Sales Executive",4,"Married",10934,20715,7,"Y","Yes",18,3,4,80,1,35,3,3,5,2,0,4,"Yes",0.281130778327694
"No",28,"Travel_Rarely",1169,"Human Resources",8,2,"Medical",1,869,2,"Male",63,2,1,"Human Resources",4,"Divorced",4936,23965,1,"Y","No",13,3,4,80,1,6,6,3,5,1,0,4,"No",0.110701838347866
"No",36,"Travel_Rarely",1278,"Human Resources",8,3,"Life Sciences",1,878,1,"Male",77,2,1,"Human Resources",1,"Married",2342,8635,0,"Y","No",21,4,3,80,0,6,3,3,5,4,0,3,"No",0.104650742013337
"Yes",29,"Travel_Rarely",341,"Sales",1,3,"Medical",1,896,2,"Female",48,2,1,"Sales Representative",3,"Divorced",2800,23522,6,"Y","Yes",19,3,3,80,3,5,3,3,3,2,0,2,"Yes",0.560642947177088
"No",50,"Non-Travel",881,"Research & Development",2,4,"Life Sciences",1,905,1,"Male",98,3,4,"Manager",1,"Divorced",17924,4544,1,"Y","No",11,3,4,80,1,31,3,3,31,6,14,7,"No",0.0849141782461339
"No",31,"Travel_Rarely",154,"Sales",7,4,"Life Sciences",1,941,2,"Male",41,2,1,"Sales Representative",3,"Married",2329,11737,3,"Y","No",15,3,2,80,0,13,2,4,7,7,5,2,"No",0.226465227044099
"No",38,"Travel_Rarely",1333,"Research & Development",1,3,"Technical Degree",1,950,4,"Female",80,3,3,"Research Director",1,"Married",13582,16292,1,"Y","No",13,3,2,80,1,15,3,3,15,12,5,11,"No",0.0532095218421349
"No",26,"Travel_Frequently",1283,"Sales",1,3,"Medical",1,956,3,"Male",52,2,2,"Sales Executive",1,"Single",4294,11148,1,"Y","No",12,3,2,80,0,7,2,3,7,7,0,7,"No",0.085542608596783
"No",32,"Travel_Rarely",498,"Research & Development",3,4,"Medical",1,966,3,"Female",93,3,2,"Manufacturing Director",1,"Married",6725,13554,1,"Y","No",12,3,3,80,1,8,2,4,8,7,6,3,"No",0.05631937141508
"No",52,"Travel_Rarely",1053,"Research & Development",1,2,"Life Sciences",1,976,4,"Male",70,3,4,"Manager",4,"Married",17099,13829,2,"Y","No",15,3,2,80,1,26,2,2,9,8,7,8,"No",0.051856786876032
"Yes",58,"Travel_Rarely",289,"Research & Development",2,3,"Technical Degree",1,977,4,"Male",51,3,1,"Research Scientist",3,"Single",2479,26227,4,"Y","No",24,4,1,80,0,7,4,3,1,0,0,0,"No",0.0776685260811651
"No",47,"Travel_Frequently",1379,"Research & Development",16,4,"Medical",1,987,3,"Male",64,4,2,"Manufacturing Director",3,"Divorced",5067,6759,1,"Y","Yes",19,3,3,80,0,20,3,4,19,10,2,7,"No",0.0780678697389142
"No",33,"Travel_Rarely",461,"Research & Development",13,1,"Life Sciences",1,995,2,"Female",53,3,1,"Research Scientist",4,"Single",3452,17241,3,"Y","No",18,3,1,80,0,5,4,3,3,2,0,2,"No",0.076313394465887
"No",27,"Travel_Rarely",1134,"Research & Development",16,4,"Technical Degree",1,1001,3,"Female",37,3,1,"Laboratory Technician",2,"Married",2811,12086,9,"Y","No",14,3,2,80,1,4,2,3,2,2,2,2,"Yes",0.266535423301202
"No",18,"Non-Travel",287,"Research & Development",5,2,"Life Sciences",1,1012,2,"Male",73,3,1,"Research Scientist",4,"Single",1051,13493,1,"Y","No",15,3,4,80,0,0,2,3,0,0,0,0,"Yes",0.285237844452524
"No",30,"Travel_Rarely",153,"Research & Development",8,2,"Life Sciences",1,1015,2,"Female",73,4,3,"Research Director",1,"Married",11416,17802,0,"Y","Yes",12,3,3,80,3,9,4,2,8,7,1,7,"No",0.0748926713596419
"No",41,"Travel_Rarely",549,"Research & Development",7,2,"Medical",1,1025,4,"Female",42,3,2,"Manufacturing Director",3,"Single",5003,23371,6,"Y","No",14,3,2,80,0,8,6,3,2,2,2,1,"No",0.0566939598559549
"No",50,"Travel_Rarely",804,"Research & Development",9,3,"Life Sciences",1,1030,1,"Male",64,3,1,"Laboratory Technician",4,"Married",2380,20165,4,"Y","No",18,3,2,80,0,8,5,3,1,0,0,0,"No",0.187760287908605
"No",38,"Travel_Rarely",1035,"Sales",3,4,"Life Sciences",1,1036,2,"Male",42,3,2,"Sales Executive",4,"Single",6861,4981,8,"Y","Yes",12,3,3,80,0,19,1,3,1,0,0,0,"Yes",0.455910146604787
"No",44,"Travel_Rarely",1448,"Sales",28,3,"Medical",1,1039,4,"Female",53,4,4,"Sales Executive",4,"Married",13320,11737,3,"Y","Yes",18,3,3,80,1,23,2,3,12,11,11,11,"Yes",0.574939585279416
"No",45,"Travel_Rarely",788,"Human Resources",24,4,"Medical",1,1049,2,"Male",36,3,1,"Human Resources",2,"Single",2177,8318,1,"Y","No",16,3,1,80,0,6,3,3,6,3,0,4,"No",0.116218357060318
"Yes",26,"Travel_Frequently",342,"Research & Development",2,3,"Life Sciences",1,1053,1,"Male",57,3,1,"Research Scientist",1,"Married",2042,15346,6,"Y","Yes",14,3,2,80,1,6,2,3,3,2,1,2,"Yes",0.441679425137461
"No",46,"Travel_Rarely",430,"Research & Development",1,4,"Medical",1,1069,4,"Male",40,3,5,"Research Director",4,"Divorced",19627,21445,9,"Y","No",17,3,4,80,2,23,0,3,2,2,2,2,"No",0.0554267336683791
"No",55,"Non-Travel",444,"Research & Development",2,1,"Medical",1,1074,3,"Male",40,2,4,"Manager",1,"Single",16756,17323,7,"Y","No",15,3,2,80,0,31,3,4,9,7,6,2,"No",0.0493252003014235
"Yes",51,"Travel_Rarely",1323,"Research & Development",4,4,"Life Sciences",1,1081,1,"Male",34,3,1,"Research Scientist",3,"Married",2461,10332,9,"Y","Yes",12,3,3,80,3,18,2,4,10,0,2,7,"No",0.146119326803387
"No",28,"Travel_Rarely",895,"Research & Development",15,2,"Life Sciences",1,1102,1,"Male",50,3,1,"Laboratory Technician",3,"Divorced",2207,22482,1,"Y","No",16,3,4,80,1,4,5,2,4,2,2,2,"Yes",0.290845763021493
"No",34,"Non-Travel",697,"Research & Development",3,4,"Life Sciences",1,1115,3,"Male",40,2,1,"Research Scientist",4,"Married",2979,22478,3,"Y","No",17,3,4,80,3,6,2,3,0,0,0,0,"No",0.0821563564408483
"No",38,"Travel_Rarely",770,"Sales",10,4,"Marketing",1,1119,3,"Male",73,2,3,"Sales Executive",3,"Divorced",8740,5569,0,"Y","Yes",14,3,2,80,2,9,2,3,8,7,2,7,"Yes",0.307370791235618
"No",49,"Travel_Rarely",174,"Sales",8,4,"Technical Degree",1,1138,4,"Male",56,2,4,"Sales Executive",2,"Married",13120,11879,6,"Y","No",17,3,2,80,1,22,3,3,9,8,2,3,"No",0.103850380434322
"No",34,"Travel_Frequently",1003,"Research & Development",2,2,"Life Sciences",1,1140,4,"Male",95,3,2,"Manufacturing Director",3,"Single",4033,15834,2,"Y","No",11,3,4,80,0,5,3,2,3,2,0,2,"No",0.0596891131615459
"No",29,"Travel_Rarely",718,"Research & Development",8,1,"Medical",1,1150,2,"Male",79,2,2,"Manufacturing Director",4,"Married",5056,17689,1,"Y","Yes",15,3,3,80,1,10,2,2,10,7,1,2,"No",0.0938877810072843
"No",34,"Travel_Rarely",1400,"Sales",9,1,"Life Sciences",1,1163,2,"Female",70,3,2,"Sales Executive",3,"Married",5714,5829,1,"Y","No",20,4,1,80,0,6,3,2,6,5,1,3,"No",0.110069917759827
"No",29,"Travel_Rarely",942,"Research & Development",15,1,"Life Sciences",1,1202,2,"Female",69,1,1,"Research Scientist",4,"Married",2168,26933,0,"Y","Yes",18,3,1,80,1,6,2,2,5,4,1,3,"Yes",0.514439781404439
"Yes",22,"Travel_Frequently",1256,"Research & Development",3,4,"Life Sciences",1,1203,3,"Male",48,2,1,"Research Scientist",4,"Married",2853,4223,0,"Y","Yes",11,3,2,80,1,1,5,3,0,0,0,0,"No",0.240828164856742
"Yes",41,"Non-Travel",906,"Research & Development",5,2,"Life Sciences",1,1210,1,"Male",95,2,1,"Research Scientist",1,"Divorced",2107,20293,6,"Y","No",17,3,1,80,1,5,2,1,1,0,0,0,"No",0.0709325601715208
"No",33,"Travel_Frequently",1146,"Sales",25,3,"Medical",1,1220,2,"Female",82,3,2,"Sales Executive",3,"Married",4539,4905,1,"Y","No",12,3,1,80,1,10,3,2,10,7,0,1,"No",0.0934903294558253
"No",20,"Travel_Rarely",654,"Sales",21,3,"Marketing",1,1226,3,"Male",43,4,1,"Sales Representative",4,"Single",2678,5050,1,"Y","No",17,3,4,80,0,2,2,3,2,1,2,2,"Yes",0.627791551706614
"No",42,"Non-Travel",179,"Human Resources",2,5,"Medical",1,1231,4,"Male",79,4,2,"Human Resources",1,"Married",6272,12858,7,"Y","No",16,3,1,80,1,10,3,4,4,3,0,3,"No",0.0843522421821075
"No",32,"Travel_Frequently",116,"Research & Development",13,3,"Other",1,1234,3,"Female",77,2,1,"Laboratory Technician",2,"Married",2743,7331,1,"Y","No",20,4,3,80,1,2,2,3,2,2,2,2,"Yes",0.266978869144269
"No",59,"Travel_Rarely",1429,"Research & Development",18,4,"Medical",1,1283,4,"Male",67,3,3,"Manufacturing Director",4,"Single",10512,20002,6,"Y","No",12,3,4,80,0,25,6,2,9,7,5,4,"No",0.0670623954336626
"No",44,"Travel_Rarely",1199,"Research & Development",4,2,"Life Sciences",1,1288,3,"Male",92,4,5,"Manager",1,"Divorced",19190,17477,1,"Y","No",14,3,4,80,2,26,4,2,25,9,14,13,"No",0.0647296211235128
"Yes",31,"Travel_Frequently",1060,"Sales",1,3,"Life Sciences",1,1331,4,"Female",54,3,1,"Sales Representative",2,"Single",2302,8319,1,"Y","Yes",11,3,1,80,0,3,2,4,3,2,2,2,"Yes",0.757070551260548
"No",25,"Travel_Rarely",882,"Research & Development",19,1,"Medical",1,1358,4,"Male",67,3,1,"Laboratory Technician",4,"Married",3669,9075,3,"Y","No",11,3,3,80,3,7,6,2,3,2,1,2,"No",0.155985639850409
"Yes",35,"Travel_Frequently",662,"Sales",18,4,"Marketing",1,1380,4,"Female",67,3,2,"Sales Executive",3,"Married",4614,23288,0,"Y","Yes",18,3,3,80,1,5,0,2,4,2,3,2,"Yes",0.433975811864468
"No",38,"Travel_Frequently",693,"Research & Development",7,3,"Life Sciences",1,1382,4,"Male",57,4,1,"Research Scientist",3,"Divorced",2610,15748,1,"Y","No",11,3,4,80,3,4,2,3,4,2,0,3,"No",0.0776311745063801
"No",34,"Travel_Rarely",404,"Research & Development",2,4,"Technical Degree",1,1383,3,"Female",98,3,2,"Healthcare Representative",4,"Single",6687,6163,1,"Y","No",11,3,4,80,0,14,2,4,14,11,4,11,"No",0.0575888710358578
"No",32,"Travel_Rarely",499,"Sales",2,1,"Marketing",1,1396,3,"Male",36,3,2,"Sales Executive",2,"Married",4078,20497,0,"Y","Yes",13,3,1,80,3,4,3,2,3,2,1,2,"Yes",0.314293548403314
"No",35,"Travel_Frequently",200,"Research & Development",18,2,"Life Sciences",1,1412,3,"Male",60,3,3,"Manufacturing Director",4,"Single",9362,19944,2,"Y","No",11,3,3,80,0,10,2,3,2,2,2,2,"No",0.0801320279326908
"No",26,"Travel_Rarely",652,"Research & Development",7,3,"Other",1,1417,3,"Male",100,4,1,"Laboratory Technician",1,"Single",3578,23577,0,"Y","No",12,3,4,80,0,8,2,3,7,7,0,7,"No",0.148124016927932
"Yes",29,"Travel_Frequently",337,"Research & Development",14,1,"Other",1,1421,3,"Female",84,3,3,"Healthcare Representative",4,"Single",7553,22930,0,"Y","Yes",12,3,1,80,0,9,1,3,8,7,7,7,"No",0.113527867922845
"No",36,"Travel_Rarely",1174,"Sales",3,4,"Marketing",1,1425,1,"Female",99,3,2,"Sales Executive",2,"Single",9278,20763,3,"Y","Yes",16,3,4,80,0,15,3,3,5,4,0,1,"Yes",0.297864472145386
"No",34,"Travel_Frequently",560,"Research & Development",1,4,"Other",1,1431,4,"Male",91,3,1,"Research Scientist",1,"Divorced",2996,20284,5,"Y","No",14,3,3,80,2,10,2,3,4,3,1,3,"No",0.0643935359497181
"No",27,"Travel_Rarely",1377,"Research & Development",11,1,"Life Sciences",1,1434,2,"Male",91,3,1,"Laboratory Technician",1,"Married",2099,7679,0,"Y","No",14,3,2,80,0,6,3,4,5,0,1,4,"No",0.20549996978476
"No",47,"Travel_Rarely",465,"Research & Development",1,3,"Technical Degree",1,1438,1,"Male",74,3,1,"Research Scientist",4,"Married",3420,10205,7,"Y","No",12,3,3,80,1,17,2,2,6,5,1,2,"No",0.0549415099431316
"Yes",25,"Travel_Rarely",383,"Sales",9,2,"Life Sciences",1,1439,1,"Male",68,2,1,"Sales Representative",1,"Married",4400,15182,3,"Y","No",12,3,1,80,0,6,2,3,3,2,2,2,"No",0.189439310938123
"No",41,"Travel_Rarely",1283,"Research & Development",5,5,"Medical",1,1448,2,"Male",90,4,1,"Research Scientist",3,"Married",2127,5561,2,"Y","Yes",12,3,1,80,0,7,5,2,4,2,0,3,"No",0.252962473803314
"No",44,"Non-Travel",981,"Research & Development",5,3,"Life Sciences",1,1471,3,"Male",90,2,1,"Laboratory Technician",3,"Single",3162,7973,3,"Y","No",14,3,4,80,0,7,5,3,5,2,0,3,"No",0.106000811449034
"No",44,"Travel_Rarely",1467,"Research & Development",20,3,"Life Sciences",1,1475,4,"Male",49,3,1,"Research Scientist",2,"Single",3420,21158,1,"Y","No",13,3,3,80,0,6,3,2,5,2,1,3,"No",0.0793195844585583
"No",30,"Non-Travel",990,"Research & Development",7,3,"Technical Degree",1,1482,3,"Male",64,3,1,"Research Scientist",3,"Divorced",1274,7152,1,"Y","No",13,3,2,80,2,1,2,2,1,0,0,0,"No",0.188911601429028
"No",57,"Travel_Rarely",405,"Research & Development",1,2,"Life Sciences",1,1483,2,"Male",93,4,2,"Research Scientist",3,"Married",4900,2721,0,"Y","No",24,4,1,80,1,13,2,2,12,9,2,8,"No",0.0711757715643243
"No",49,"Travel_Rarely",1490,"Research & Development",7,4,"Life Sciences",1,1484,3,"Male",35,3,3,"Healthcare Representative",2,"Divorced",10466,20948,3,"Y","No",14,3,2,80,2,29,3,3,8,7,0,7,"No",0.0621786652699733
"No",24,"Non-Travel",830,"Sales",13,2,"Life Sciences",1,1495,4,"Female",78,3,1,"Sales Representative",2,"Married",2033,7103,1,"Y","No",13,3,3,80,1,1,2,3,1,0,0,0,"Yes",0.471415993143417
"No",33,"Travel_Rarely",1099,"Research & Development",4,4,"Medical",1,1502,1,"Female",82,2,1,"Laboratory Technician",2,"Married",3838,8192,8,"Y","No",11,3,4,80,0,8,5,3,5,4,0,2,"No",0.0929393822582316
"No",33,"Travel_Rarely",516,"Research & Development",8,5,"Life Sciences",1,1515,4,"Male",69,3,2,"Healthcare Representative",3,"Single",6388,22049,2,"Y","Yes",17,3,1,80,0,14,6,3,0,0,0,0,"No",0.133824369433513
"No",23,"Travel_Rarely",507,"Research & Development",20,1,"Life Sciences",1,1533,1,"Male",97,3,2,"Laboratory Technician",3,"Single",2272,24812,0,"Y","No",14,3,2,80,0,5,2,3,4,3,1,2,"No",0.252124511725117
"No",37,"Travel_Rarely",674,"Research & Development",13,3,"Medical",1,1543,1,"Male",47,3,2,"Research Scientist",4,"Married",4285,3031,1,"Y","No",17,3,1,80,0,10,2,3,10,8,3,7,"No",0.072543530103897
"No",34,"Travel_Rarely",1351,"Research & Development",1,4,"Life Sciences",1,1580,2,"Male",45,3,2,"Research Scientist",4,"Married",5484,13008,9,"Y","No",17,3,2,80,1,9,3,2,2,2,2,1,"No",0.0730818693038026
"No",40,"Travel_Rarely",118,"Sales",14,2,"Life Sciences",1,1598,4,"Female",84,3,2,"Sales Executive",1,"Married",4639,11262,1,"Y","No",15,3,3,80,1,5,2,3,5,4,1,2,"No",0.0814638935221453
"No",46,"Travel_Rarely",563,"Sales",1,4,"Life Sciences",1,1602,4,"Male",56,4,4,"Manager",1,"Single",17567,3156,1,"Y","No",15,3,2,80,0,27,5,1,26,0,0,12,"No",0.0591708528013098
"No",50,"Travel_Frequently",1234,"Research & Development",20,5,"Medical",1,1606,2,"Male",41,3,4,"Healthcare Representative",3,"Married",11245,20689,2,"Y","Yes",15,3,3,80,1,32,3,3,30,8,12,13,"No",0.131456639531135
"No",37,"Travel_Rarely",1470,"Research & Development",10,3,"Medical",1,1640,2,"Female",71,3,1,"Research Scientist",2,"Married",3936,9953,1,"Y","No",11,3,1,80,1,8,2,1,8,4,7,7,"No",0.0727883186128755
"No",49,"Travel_Rarely",301,"Research & Development",22,4,"Other",1,1655,1,"Female",72,3,4,"Research Director",2,"Married",16413,3498,3,"Y","No",16,3,2,80,2,27,2,3,4,2,1,2,"No",0.0528103168636164
"No",36,"Travel_Rarely",311,"Research & Development",7,3,"Life Sciences",1,1659,1,"Male",77,3,1,"Laboratory Technician",2,"Single",2013,10950,2,"Y","No",11,3,3,80,0,15,4,3,4,3,1,3,"No",0.157262146134202
"No",36,"Travel_Rarely",1040,"Research & Development",3,2,"Life Sciences",1,1664,4,"Male",79,4,2,"Healthcare Representative",1,"Divorced",6842,26308,6,"Y","No",20,4,1,80,1,13,3,3,5,4,0,4,"No",0.0545802571249354
"No",38,"Travel_Frequently",148,"Research & Development",2,3,"Medical",1,1675,4,"Female",42,2,1,"Laboratory Technician",2,"Single",2440,23826,1,"Y","No",22,4,2,80,0,4,3,3,4,3,3,3,"No",0.119947324292762
"No",20,"Travel_Rarely",727,"Sales",9,1,"Life Sciences",1,1680,4,"Male",54,3,1,"Sales Representative",1,"Single",2728,21082,1,"Y","No",11,3,1,80,0,2,3,3,2,2,0,2,"Yes",0.56795134096147
"No",44,"Travel_Rarely",528,"Human Resources",1,3,"Life Sciences",1,1683,3,"Female",44,3,1,"Human Resources",4,"Divorced",3195,4167,4,"Y","Yes",18,3,1,80,3,8,2,3,2,2,2,2,"Yes",0.292179189627621
"Yes",32,"Travel_Rarely",1259,"Research & Development",2,4,"Life Sciences",1,1692,4,"Male",95,3,1,"Laboratory Technician",2,"Single",1393,24852,1,"Y","No",12,3,1,80,0,1,2,3,1,0,0,0,"Yes",0.305326172651281
"No",26,"Non-Travel",786,"Research & Development",7,3,"Medical",1,1693,4,"Male",76,3,1,"Laboratory Technician",4,"Single",2570,11925,1,"Y","No",20,4,3,80,0,7,5,3,7,7,5,7,"No",0.155494238297455
"No",33,"Travel_Rarely",267,"Research & Development",21,3,"Medical",1,1698,2,"Male",79,4,1,"Laboratory Technician",2,"Married",2028,13637,1,"Y","No",18,3,4,80,3,14,6,3,14,11,2,13,"No",0.232436695069046
"No",43,"Travel_Rarely",1179,"Sales",2,3,"Medical",1,1706,4,"Male",73,3,2,"Sales Executive",4,"Married",7847,6069,1,"Y","Yes",17,3,1,80,1,10,3,3,10,9,8,8,"No",0.12466171730435
"No",36,"Travel_Rarely",530,"Sales",2,4,"Life Sciences",1,1710,3,"Female",51,3,2,"Sales Representative",4,"Single",4502,7439,3,"Y","No",15,3,3,80,0,17,2,2,13,7,6,7,"No",0.0942813505226821
"No",26,"Travel_Rarely",390,"Research & Development",17,4,"Medical",1,1718,4,"Male",62,1,1,"Laboratory Technician",3,"Married",2305,6217,1,"Y","No",15,3,3,80,3,3,3,4,3,2,0,2,"Yes",0.315598399240379
"No",42,"Travel_Rarely",855,"Research & Development",12,3,"Medical",1,1768,2,"Male",57,3,1,"Laboratory Technician",2,"Divorced",2766,8952,8,"Y","No",22,4,2,80,3,7,6,2,5,3,0,4,"No",0.169701839910999
"No",40,"Travel_Rarely",616,"Research & Development",2,2,"Life Sciences",1,1802,3,"Female",99,3,1,"Laboratory Technician",1,"Married",3377,25605,4,"Y","No",17,3,4,80,1,7,5,2,4,3,0,2,"No",0.113931447406901
"No",35,"Non-Travel",1180,"Research & Development",2,2,"Medical",1,1804,2,"Male",90,3,2,"Manufacturing Director",4,"Divorced",5762,24442,2,"Y","No",14,3,3,80,1,15,6,3,7,7,1,7,"No",0.0502389688393807
"No",41,"Travel_Rarely",447,"Research & Development",5,3,"Life Sciences",1,1814,2,"Male",85,4,2,"Healthcare Representative",2,"Single",6870,15530,3,"Y","No",12,3,1,80,0,11,3,1,3,2,1,2,"No",0.0494522685004231
"No",30,"Travel_Rarely",1092,"Research & Development",10,3,"Medical",1,1816,1,"Female",64,3,3,"Manufacturing Director",3,"Single",9667,2739,9,"Y","No",14,3,2,80,0,9,3,3,7,7,0,2,"No",0.0782618258943984
"No",29,"Travel_Frequently",574,"Research & Development",20,1,"Medical",1,1852,4,"Male",40,3,1,"Laboratory Technician",4,"Married",3812,7003,1,"Y","No",13,3,2,80,0,11,3,4,11,8,3,10,"No",0.161301543165468
"No",32,"Travel_Frequently",1318,"Sales",10,4,"Marketing",1,1853,4,"Male",79,3,2,"Sales Executive",4,"Single",4648,26075,8,"Y","No",13,3,3,80,0,4,2,4,0,0,0,0,"No",0.230546700740727
"No",36,"Travel_Frequently",1213,"Human Resources",2,1,"Human Resources",1,1890,2,"Male",94,2,2,"Human Resources",4,"Single",3886,4223,1,"Y","No",21,4,4,80,0,10,2,2,10,1,0,8,"No",0.0841915100010286
"No",42,"Travel_Rarely",1396,"Research & Development",6,3,"Medical",1,1911,3,"Male",83,3,3,"Research Director",1,"Married",13348,14842,9,"Y","No",13,3,2,80,1,18,3,4,13,7,5,7,"No",0.0512173128919037
"No",31,"Travel_Rarely",1079,"Sales",10,2,"Medical",1,1912,3,"Female",86,3,2,"Sales Executive",4,"Divorced",6583,20115,2,"Y","Yes",11,3,4,80,1,8,2,3,5,2,1,4,"Yes",0.503877428628628
"No",31,"Travel_Rarely",471,"Research & Development",4,3,"Medical",1,1916,1,"Female",62,4,1,"Laboratory Technician",3,"Divorced",3978,16031,8,"Y","No",12,3,2,80,1,4,0,2,2,2,2,2,"No",0.162815348105905
"No",33,"Travel_Rarely",217,"Sales",10,4,"Marketing",1,1924,2,"Male",43,3,2,"Sales Executive",3,"Single",5487,10410,1,"Y","No",14,3,2,80,0,10,2,2,10,4,0,9,"No",0.107504786273543
"No",34,"Travel_Frequently",735,"Research & Development",22,4,"Other",1,1932,3,"Male",86,2,2,"Research Scientist",4,"Married",5747,26496,1,"Y","Yes",15,3,2,80,0,16,3,3,15,10,6,11,"No",0.195832891503853
"No",56,"Travel_Rarely",1443,"Sales",11,5,"Marketing",1,1935,4,"Female",89,2,2,"Sales Executive",1,"Married",5380,20328,4,"Y","No",16,3,3,80,1,6,3,3,0,0,0,0,"No",0.135872624740153
"No",28,"Non-Travel",1103,"Research & Development",16,3,"Medical",1,1947,3,"Male",49,3,1,"Research Scientist",3,"Single",2144,2122,1,"Y","No",14,3,3,80,0,5,3,2,5,3,1,4,"No",0.137488705765598
"No",38,"Travel_Rarely",1404,"Sales",1,3,"Life Sciences",1,1961,1,"Male",59,2,1,"Sales Representative",1,"Single",2858,11473,4,"Y","No",14,3,1,80,0,20,3,2,1,0,0,0,"No",0.236563549440357
"No",35,"Travel_Rarely",1224,"Sales",7,4,"Life Sciences",1,1962,3,"Female",55,3,2,"Sales Executive",4,"Married",5204,13586,1,"Y","Yes",11,3,4,80,0,10,2,3,10,8,0,9,"No",0.217636872831212
"No",25,"Travel_Rarely",977,"Research & Development",2,1,"Other",1,1992,4,"Male",57,3,1,"Laboratory Technician",3,"Divorced",3977,7298,6,"Y","Yes",19,3,3,80,1,7,2,2,2,2,0,2,"Yes",0.456951513441339
"No",33,"Non-Travel",1313,"Research & Development",1,2,"Medical",1,1994,2,"Male",59,2,1,"Laboratory Technician",3,"Divorced",2008,20439,1,"Y","No",12,3,3,80,3,1,2,2,1,1,0,0,"No",0.199898920550739
"No",38,"Travel_Frequently",508,"Research & Development",6,4,"Life Sciences",1,1997,1,"Male",72,2,2,"Manufacturing Director",3,"Married",5321,14284,2,"Y","No",11,3,4,80,1,10,1,3,8,3,7,7,"No",0.0654552840068244
"No",52,"Non-Travel",585,"Sales",29,4,"Life Sciences",1,2019,1,"Male",40,3,1,"Sales Representative",4,"Divorced",3482,19788,2,"Y","No",15,3,2,80,2,16,3,2,9,8,0,0,"No",0.147976797148914
"No",39,"Non-Travel",105,"Research & Development",9,3,"Life Sciences",1,2022,4,"Male",87,3,5,"Manager",4,"Single",19431,15302,2,"Y","No",13,3,3,80,0,21,3,2,6,0,1,3,"No",0.0591533722349625
"No",36,"Travel_Rarely",557,"Sales",3,3,"Medical",1,2024,1,"Female",94,2,3,"Sales Executive",4,"Married",7644,12695,0,"Y","No",19,3,3,80,2,10,2,3,9,7,3,4,"No",0.0803746318192647
"No",32,"Travel_Rarely",529,"Research & Development",2,3,"Technical Degree",1,2038,4,"Male",78,3,1,"Research Scientist",1,"Single",2439,11288,1,"Y","No",14,3,4,80,0,4,4,3,4,2,1,2,"No",0.0773162174941028
"No",35,"Travel_Rarely",287,"Research & Development",1,4,"Life Sciences",1,2052,3,"Female",62,1,1,"Research Scientist",4,"Married",2977,8952,1,"Y","No",12,3,4,80,1,4,5,3,4,3,1,1,"No",0.0633618395547038
"No",29,"Travel_Rarely",1378,"Research & Development",13,2,"Other",1,2053,4,"Male",46,2,2,"Laboratory Technician",2,"Married",4025,23679,4,"Y","Yes",13,3,1,80,1,10,2,3,4,3,0,3,"Yes",0.440574687844375
